"Fly Ash (g)",MK (g),"H3PO4 (M)","CA(H2PO4) (M)","KH2PO4 (M)","ADP (M)","Monoaluminum Phosphate (MAP) (M)","Sodium Dihydrogen Phosphate (SDP) (M)","Extra Water (g)",L/S,Al/P Ratio,P/A Ratio,Si/P Ratio,P/Si Ratio,Initial pH,"Curing Time, d","Precalcination Temperature,","Curing Temperature, C","Testing age, d",Compressive Strength_MPa
0,1416.67,6,0,0,0,0,0,0,0.8,0,0,0,0,0,1,0,50,28,19.81
0,1416.67,6,0,0,0,0,0,0,0.8,0,0,0,0,0,1,0,24,28,20.54
0,1416.67,8,0,0,0,0,0,0,0.8,0,0,0,0,0,1,0,50,28,8.34
0,1416.67,8,0,0,0,0,0,0,0.8,0,0,0,0,0,1,0,24,28,8.03
0,1416.67,0,4,0,0,0,0,0,0.8,0,0,0,0,0,1,0,50,28,4.64
0,1416.67,0,4,0,0,0,0,0,0.8,0,0,0,0,0,1,0,50,28,4.91
0,1416.67,0,6,0,0,0,0,0,0.8,0,0,0,0,0,1,0,50,28,10.87
0,1416.67,0,6,0,0,0,0,0,0.8,0,0,0,0,0,1,0,24,28,12.25
0,1416.67,0,0,3,0,0,0,0,0.8,0,0,0,0,0,1,0,50,28,2.97
0,1416.67,0,0,3,0,0,0,0,0.8,0,0,0,0,0,1,0,24,28,1.87
0,1416.67,0,0,4,0,0,0,0,0.8,0,0,0,0,0,1,0,50,28,3.96
0,1416.67,0,0,0,0,0,0,0,0.8,0,0,0,0,0,1,0,24,28,2.57
0,1416.67,0,0,0,4.5,0,0,0,0.8,0,0,0,0,0,1,0,50,28,31.43
0,1416.67,0,0,0,4.5,0,0,0,0.8,0,0,0,0,0,1,0,50,28,31.58
0,1416.67,0,0,0,7,0,0,0,0.8,0,0,0,0,0,1,0,50,28,40.09
0,1494.72,14.61,0,0,0,0,0,202.81,1.1,0,0,2.75,0,1.62,3,0,24,3,2.775
0,1469.74,2.11,0,0,0,2.8,0,164.84,0.2,0.1,0,2.75,0,1.64,3,0,24,3,11.25
0,1420.61,14.61,0,0,0,2.8,0,91.92,1.1,0.3,0,2.75,0,1.69,3,0,24,3,16.875
0,1494.72,14.61,0,0,0,0,0,202.81,1.1,0,0,2.75,0,1.62,7,0,24,7,22.4
0,1469.74,2.11,0,0,0,2.8,0,164.84,0.2,0.1,0,2.75,0,1.64,7,0,24,7,32.83
0,1420.61,14.61,0,0,0,2.8,0,91.92,1.1,0.3,0,2.75,0,1.69,7,0,24,7,37.5
0,1494.72,14.61,0,0,0,0,0,202.81,1.1,0,0,2.75,0,1.62,14,0,24,14,39
0,1469.74,2.11,0,0,0,2.8,0,164.84,0.2,0.1,0,2.75,0,1.64,14,0,24,14,40
0,1420.61,14.61,0,0,0,2.8,0,91.92,1.1,0.3,0,2.75,0,1.69,14,0,24,14,35.7
0,1494.72,14.61,0,0,0,0,0,202.81,1.1,0,0,2.75,0,1.62,28,0,24,28,50
0,1469.74,2.11,0,0,0,2.8,0,164.84,0.2,0.1,0,2.75,0,1.64,28,0,24,28,48
0,1420.61,14.61,0,0,0,2.8,0,91.92,1.1,0.3,0,2.75,0,1.69,28,0,24,28,37.5
0,100,6,0,0,0,0,0,57.24,0.7,0,1,0,0,0,3,800,24,3,36.33
0,100,6.84,0,0,0,0,0,55.69,0.7,0,1.2,0,0,0,3,800,24,3,55.21
0,100,7.61,0,0,0,0,0,54.14,0.7,0,1.4,0,0,0,3,800,24,3,55.2
0,100,8.3,0,0,0,0,0,52.59,0.7,0,1.6,0,0,0,3,800,24,3,59.84
0,100,8.94,0,0,0,0,0,51.04,0.7,0,1.8,0,0,0,3,800,24,3,66.23
0,100,9.52,0,0,0,0,0,49.49,0.7,0,2,0,0,0,3,800,24,3,55.19
0,100,10.05,0,0,0,0,0,47.94,0.7,0,2.2,0,0,0,3,800,24,3,36.09
0,100,10.55,0,0,0,0,0,46.39,0.7,0,2.4,0,0,0,3,800,24,3,0.31
0,100,6,0,0,0,0,0,57.24,0.7,0,1,0,0,0,7,800,24,7,42.44
0,100,6.84,0,0,0,0,0,55.69,0.7,0,1.2,0,0,0,7,800,24,7,48.3
0,100,7.61,0,0,0,0,0,54.14,0.7,0,1.4,0,0,0,7,800,24,7,57.89
0,100,8.3,0,0,0,0,0,52.59,0.7,0,1.6,0,0,0,7,800,24,7,60.03
0,100,8.94,0,0,0,0,0,51.04,0.7,0,1.8,0,0,0,7,800,24,7,80
0,100,9.52,0,0,0,0,0,49.49,0.7,0,2,0,0,0,7,800,24,7,72.3
0,100,10.05,0,0,0,0,0,47.94,0.7,0,2.2,0,0,0,7,800,24,7,39.52
0,100,10.55,0,0,0,0,0,46.39,0.7,0,2.4,0,0,0,7,800,24,7,24.78
0,100,6,0,0,0,0,0,57.24,0.7,0,1,0,0,0,28,800,24,28,53.23
0,100,6.84,0,0,0,0,0,55.69,0.7,0,1.2,0,0,0,28,800,24,28,63.46
0,100,7.61,0,0,0,0,0,54.14,0.7,0,1.4,0,0,0,28,800,24,28,78.19
0,100,8.3,0,0,0,0,0,52.59,0.7,0,1.6,0,0,0,28,800,24,28,83.22
0,100,8.94,0,0,0,0,0,51.04,0.7,0,1.8,0,0,0,28,800,24,28,98.1
0,100,9.52,0,0,0,0,0,49.49,0.7,0,2,0,0,0,28,800,24,28,78.99
0,100,10.05,0,0,0,0,0,47.94,0.7,0,2.2,0,0,0,28,800,24,28,58.92
0,100,10.55,0,0,0,0,0,46.39,0.7,0,2.4,0,0,0,28,800,24,28,39.07
0,200,4,0,0,0,0,0,0,0.8,0,0,0,0,0,1,700,60,28,36.4
0,200,6,0,0,0,0,0,0,0.8,0,0,0,0,0,1,700,60,28,42.8
0,200,8,0,0,0,0,0,0,0.8,0,0,0,0,0,1,700,60,28,82
0,200,10,0,0,0,0,0,0,0.8,0,0,0,0,0,1,700,60,28,93.8
0,200,12,0,0,0,0,0,0,0.8,0,0,0,0,0,1,700,60,28,67.4
0,200,14,0,0,0,0,0,0,0.8,0,0,0,0,0,1,700,60,60,0
2620,0,0,0,0,0.7,0,0,0,0.4,0,0.098,0,0.066,0,7,0,24,7,1.25
2620,0,0,0,0,0.9,0,0,0,0.4,0,0.114,0,0.078,0,7,0,24,7,3.23
2620,0,0,0,0,1.11,0,0,0,0.4,0,0.131,0,0.09,0,7,0,24,7,4.83
2620,0,0,0,0,1.32,0,0,0,0.4,0,0.147,0,0.102,0,7,0,24,7,5.85
3150,0,0,0,0,1.32,0,0,0,0.3,0,0.128,0,0.088,0,7,0,24,7,9.39
2620,0,0,0,0,1.32,0,0,0,0.4,0,0.147,0,0.102,0,7,0,24,7,7.3
2250,0,0,0,0,1.32,0,0,0,0.4,0,0.166,0,0.115,0,7,0,24,7,4.89
1980,0,0,0,0,1.32,0,0,0,0.5,0,0.184,0,0.129,0,7,0,24,7,2.09
2620,0,0,0,0,0.7,0,0,0,0.4,0,0.098,0,0.066,0,14,0,24,14,2.28
2620,0,0,0,0,0.9,0,0,0,0.4,0,0.114,0,0.078,0,14,0,24,14,4.4
2620,0,0,0,0,1.11,0,0,0,0.4,0,0.131,0,0.09,0,14,0,24,14,7
2620,0,0,0,0,1.32,0,0,0,0.4,0,0.147,0,0.102,0,14,0,24,14,12.5
3150,0,0,0,0,1.32,0,0,0,0.3,0,0.128,0,0.088,0,14,0,24,14,20.89
2620,0,0,0,0,1.32,0,0,0,0.4,0,0.147,0,0.102,0,14,0,24,14,13.89
2250,0,0,0,0,1.32,0,0,0,0.4,0,0.166,0,0.115,0,14,0,24,14,9
1980,0,0,0,0,1.32,0,0,0,0.5,0,0.184,0,0.129,0,14,0,24,14,4.87
2620,0,0,0,0,0.7,0,0,0,0.4,0,0.098,0,0.066,0,28,0,24,28,2.5
2620,0,0,0,0,0.9,0,0,0,0.4,0,0.114,0,0.078,0,28,0,24,28,8
2620,0,0,0,0,1.11,0,0,0,0.4,0,0.131,0,0.09,0,28,0,24,28,12
2620,0,0,0,0,1.32,0,0,0,0.4,0,0.147,0,0.102,0,28,0,24,28,17.25
3150,0,0,0,0,1.32,0,0,0,0.3,0,0.128,0,0.088,0,28,0,24,28,28
2620,0,0,0,0,1.32,0,0,0,0.4,0,0.147,0,0.102,0,28,0,24,28,18.06
2250,0,0,0,0,1.32,0,0,0,0.4,0,0.166,0,0.115,0,28,0,24,28,17.86
1980,0,0,0,0,1.32,0,0,0,0.5,0,0.184,0,0.129,0,28,0,24,28,18.88
2620,0,0,0,0,0.7,0,0,0,0.4,0,0.098,0,0.066,0,60,0,24,60,2.4
2620,0,0,0,0,0.9,0,0,0,0.4,0,0.114,0,0.078,0,60,0,24,60,8.75
2620,0,0,0,0,1.11,0,0,0,0.4,0,0.131,0,0.09,0,60,0,24,60,12
2620,0,0,0,0,1.32,0,0,0,0.4,0,0.147,0,0.102,0,60,0,24,60,18
3150,0,0,0,0,1.32,0,0,0,0.3,0,0.128,0,0.088,0,60,0,24,60,35.02
2620,0,0,0,0,1.32,0,0,0,0.4,0,0.147,0,0.102,0,60,0,24,60,18.3
2250,0,0,0,0,1.32,0,0,0,0.4,0,0.166,0,0.115,0,60,0,24,60,18.3
1980,0,0,0,0,1.32,0,0,0,0.5,0,0.184,0,0.129,0,60,0,24,60,18.29
2620,0,0,0,0,0.7,0,0,0,0.4,0,0.098,0,0.066,0,90,0,24,90,2.45
2620,0,0,0,0,0.9,0,0,0,0.4,0,0.114,0,0.078,0,90,0,24,90,9
2620,0,0,0,0,1.11,0,0,0,0.4,0,0.131,0,0.09,0,90,0,24,90,22.5
2620,0,0,0,0,1.32,0,0,0,0.4,0,0.147,0,0.102,0,90,0,24,90,23.5
3150,0,0,0,0,1.32,0,0,0,0.3,0,0.128,0,0.088,0,90,0,24,90,53.3
2620,0,0,0,0,1.32,0,0,0,0.4,0,0.147,0,0.102,0,90,0,24,90,25.05
2250,0,0,0,0,1.32,0,0,0,0.4,0,0.166,0,0.115,0,90,0,24,90,24.63
1980,0,0,0,0,1.32,0,0,0,0.5,0,0.184,0,0.129,0,90,0,24,90,19.63
100,0,17.19,0,0,0,0,0,0,0.3,0,0,0,0,0,7,0,25,7,1.5
100,0,0,0,0,4.4,0,0,0,0.5,0,0,0,0,0,7,0,25,7,13
100,0,17.19,0,0,4.4,0,0,0,0.4,0,0,0,0,0,7,0,25,7,4
100,0,0,0,0,0,0,10.42,0,0.4,0,0,0,0,0,7,0,25,7,0.9
100,0,17.19,0,0,0,0,10.42,0,0.3,0,0,0,0,0,7,0,25,7,2.5
100,0,0,0,17.18,0,0,0,29.2,0.2,0,0,0,0,0,7,0,25,7,0
100,0,17.19,0,17.18,0,0,0,15.6,0.3,0,0,0,0,0,7,0,25,7,1
100,0,17.19,0,0,0,0,0,0,0.3,0,0,0,0,0,14,0,25,14,2.5
100,0,0,0,0,4.4,0,0,0,0.5,0,0,0,0,0,14,0,25,14,24.5
100,0,17.19,0,0,4.4,0,0,0,0.4,0,0,0,0,0,14,0,25,14,8.5
100,0,0,0,0,0,0,10.42,0,0.4,0,0,0,0,0,14,0,25,14,0.9
100,0,17.19,0,0,0,0,10.42,0,0.3,0,0,0,0,0,14,0,25,14,4.5
100,0,0,0,17.18,0,0,0,29.2,0.2,0,0,0,0,0,14,0,25,14,0
100,0,17.19,0,17.18,0,0,0,15.6,0.3,0,0,0,0,0,14,0,25,14,2
100,0,17.19,0,0,0,0,0,0,0.3,0,0,0,0,0,28,0,25,28,4.9
100,0,0,0,0,4.4,0,0,0,0.5,0,0,0,0,0,28,0,25,28,27.5
100,0,17.19,0,0,4.4,0,0,0,0.4,0,0,0,0,0,28,0,25,28,18
100,0,0,0,0,0,0,10.42,0,0.4,0,0,0,0,0,28,0,25,28,1.1
100,0,17.19,0,0,0,0,10.42,0,0.3,0,0,0,0,0,28,0,25,28,5
100,0,0,0,17.18,0,0,0,29.2,0.2,0,0,0,0,0,28,0,25,28,0
100,0,17.19,0,17.18,0,0,0,15.6,0.3,0,0,0,0,0,28,0,25,28,1.9
100,0,17.19,0,0,0,0,0,0,0.3,0,0,0,0,0,56,0,25,56,9
100,0,0,0,0,4.4,0,0,0,0.5,0,0,0,0,0,56,0,25,56,27
100,0,17.19,0,0,4.4,0,0,0,0.4,0,0,0,0,0,56,0,25,56,25.3
100,0,0,0,0,0,0,10.42,0,0.4,0,0,0,0,0,56,0,25,56,1.39
100,0,17.19,0,0,0,0,10.42,0,0.3,0,0,0,0,0,56,0,25,56,5.21
100,0,0,0,17.18,0,0,0,29.2,0.2,0,0,0,0,0,56,0,25,56,0
100,0,17.19,0,17.18,0,0,0,15.6,0.3,0,0,0,0,0,56,0,25,56,1.99
0,571.43,17.19,0,0,0,0,0,0,2.9,0,0,1.75,0,0,1,700,60,7,3.3
0,500,17.19,0,0,0,0,0,0,3.4,0,0,2,0,0,1,700,60,7,4.5
0,444.44,17.19,0,0,0,0,0,0,3.8,0,0,2.25,0,0,1,700,60,7,5
0,400,17.19,0,0,0,0,0,0,4.2,0,0,2.5,0,0,1,700,60,7,4.7
0,363.64,17.19,0,0,0,0,0,0,4.6,0,0,2.75,0,0,1,700,60,7,4.1
0,333.33,17.19,0,0,0,0,0,0,5.1,0,0,3,0,0,1,700,60,7,3.89
0,571.43,17.19,0,0,0,0,0,0,2.9,0,0,1.75,0,0,1,700,60,14,3.59
0,500,17.19,0,0,0,0,0,0,3.4,0,0,2,0,0,1,700,60,14,4.68
0,444.44,17.19,0,0,0,0,0,0,3.8,0,0,2.25,0,0,1,700,60,14,5.8
0,400,17.19,0,0,0,0,0,0,4.2,0,0,2.5,0,0,1,700,60,14,5.5
0,363.64,17.19,0,0,0,0,0,0,4.6,0,0,2.75,0,0,1,700,60,14,4.2
0,333.33,17.19,0,0,0,0,0,0,5.1,0,0,3,0,0,1,700,60,14,4.1
0,571.43,17.19,0,0,0,0,0,0,2.9,0,0,1.75,0,0,1,700,60,28,4.19
0,500,17.19,0,0,0,0,0,0,3.4,0,0,2,0,0,1,700,60,28,5.3
0,444.44,17.19,0,0,0,0,0,0,3.8,0,0,2.25,0,0,1,700,60,28,6.6
0,400,17.19,0,0,0,0,0,0,4.2,0,0,2.5,0,0,1,700,60,28,5.75
0,363.64,17.19,0,0,0,0,0,0,4.6,0,0,2.75,0,0,1,700,60,28,4.49
0,333.33,17.19,0,0,0,0,0,0,5.1,0,0,3,0,0,1,700,60,28,4.29
